timestamp,custID
19-01-2017,8578
20-01-2017,8698
21-01-2017,8147
22-01-2017,8359
23-01-2017,7484
24-01-2017,10204
25-01-2017,9492
26-01-2017,9464
27-01-2017,8881
28-01-2017,9077
29-01-2017,8891
30-01-2017,7616
31-01-2017,10490
01-02-2017,9796
02-02-2017,9956
03-02-2017,8444
04-02-2017,8001
05-02-2017,8982
06-02-2017,6742
07-02-2017,10291
08-02-2017,9070
09-02-2017,9928
10-02-2017,6043
11-02-2017,8428
12-02-2017,8339
13-02-2017,7803
14-02-2017,7402
15-02-2017,9730
16-02-2017,10224
17-02-2017,8876
18-02-2017,8167
19-02-2017,10340
20-02-2017,7321
21-02-2017,7390
22-02-2017,10740
23-02-2017,10327
24-02-2017,8070
25-02-2017,7617
26-02-2017,8083
27-02-2017,6455
28-02-2017,8434
01-03-2017,8592
02-03-2017,8450
03-03-2017,7315
04-03-2017,7003
05-03-2017,7133
06-03-2017,5913
07-03-2017,8768
08-03-2017,8223
09-03-2017,8424
10-03-2017,6957
11-03-2017,6002
12-03-2017,7623
13-03-2017,5649
14-03-2017,8617
15-03-2017,5164
16-03-2017,7908
17-03-2017,6755
18-03-2017,7187
19-03-2017,6823
20-03-2017,5527
21-03-2017,8346
22-03-2017,7915
23-03-2017,7781
24-03-2017,6478
25-03-2017,6947
26-03-2017,6731
27-03-2017,5507
28-03-2017,8112
29-03-2017,7872
30-03-2017,8061
31-03-2017,6684
01-04-2017,6804
02-04-2017,5963
03-04-2017,5389
04-04-2017,8315
05-04-2017,7358
06-04-2017,8064
07-04-2017,5828
08-04-2017,7393
09-04-2017,6814
10-04-2017,4989
11-04-2017,7655
12-04-2017,7192
13-04-2017,7523
14-04-2017,6000
15-04-2017,5208
16-04-2017,7483
17-04-2017,4080
18-04-2017,4849
19-04-2017,8014
20-04-2017,7763
21-04-2017,6538
22-04-2017,6466
23-04-2017,6492
24-04-2017,5250
25-04-2017,8063
26-04-2017,7389
27-04-2017,7825
28-04-2017,6388
29-04-2017,7020
30-04-2017,6400
01-05-2017,4947
02-05-2017,8280
03-05-2017,7492
04-05-2017,7497
05-05-2017,5984
06-05-2017,5765
07-05-2017,7073
08-05-2017,2800
09-05-2017,6384
10-05-2017,7414
11-05-2017,7662
12-05-2017,6405
13-05-2017,7125
14-05-2017,5685
15-05-2017,4821
16-05-2017,7847
17-05-2017,7200
18-05-2017,7103
19-05-2017,5844
20-05-2017,6648
21-05-2017,6198
22-05-2017,4726
23-05-2017,7994
24-05-2017,7763
25-05-2017,7964
26-05-2017,5892
27-05-2017,5180
30-05-2017,624
31-05-2017,7735
01-06-2017,8525
02-06-2017,6985
03-06-2017,7145
04-06-2017,6823
05-06-2017,5170
06-06-2017,8386
07-06-2017,7729
08-06-2017,7948
09-06-2017,6468
10-06-2017,6985
11-06-2017,6225
12-06-2017,4971
13-06-2017,7763
14-06-2017,7651
15-06-2017,7620
16-06-2017,6107
17-06-2017,5910
18-06-2017,6911
19-06-2017,4442
20-06-2017,7636
21-06-2017,7831
22-06-2017,7777
23-06-2017,6883
24-06-2017,7176
25-06-2017,6424
26-06-2017,4960
27-06-2017,8549
28-06-2017,8864
29-06-2017,9538
30-06-2017,8625
01-07-2017,9159
02-07-2017,6292
03-07-2017,7540
04-07-2017,8714
05-07-2017,5685
06-07-2017,9944
07-07-2017,8409
08-07-2017,8534
09-07-2017,8266
10-07-2017,6895
11-07-2017,10198
12-07-2017,9651
13-07-2017,9455
14-07-2017,8439
15-07-2017,9105
16-07-2017,7616
17-07-2017,6903
18-07-2017,10131
19-07-2017,9628
20-07-2017,9145
21-07-2017,8035
22-07-2017,8529
23-07-2017,6505
24-07-2017,7289
25-07-2017,9611
26-07-2017,9833
27-07-2017,9713
28-07-2017,8258
29-07-2017,8809
30-07-2017,8260
31-07-2017,6939
01-08-2017,10257
02-08-2017,9570
03-08-2017,9416
04-08-2017,8242
05-08-2017,8991
06-08-2017,8363
07-08-2017,6774
08-08-2017,10150
09-08-2017,9865
10-08-2017,9455
11-08-2017,8251
12-08-2017,8671
13-08-2017,7619
14-08-2017,6895
15-08-2017,10218
16-08-2017,9366
17-08-2017,9277
18-08-2017,8029
19-08-2017,8880
20-08-2017,7729
21-08-2017,6530
22-08-2017,9818
23-08-2017,9333
24-08-2017,9380
25-08-2017,8031
26-08-2017,9008
27-08-2017,7950
28-08-2017,6824
29-08-2017,10289
30-08-2017,9748
31-08-2017,9273
01-09-2017,7849
02-09-2017,7224
03-09-2017,9285
04-09-2017,6202
05-09-2017,6863
06-09-2017,10147
07-09-2017,9655
08-09-2017,8134
09-09-2017,8689
10-09-2017,8643
11-09-2017,6818
12-09-2017,9994
13-09-2017,9534
14-09-2017,9442
15-09-2017,7987
16-09-2017,8760
17-09-2017,8254
18-09-2017,7018
19-09-2017,10014
20-09-2017,9511
21-09-2017,8962
22-09-2017,8317
23-09-2017,7533
24-09-2017,8971
25-09-2017,6870
26-09-2017,10014
27-09-2017,9684
28-09-2017,9715
29-09-2017,8319
30-09-2017,8674
01-10-2017,7999
02-10-2017,5915
03-10-2017,9954
04-10-2017,9194
05-10-2017,9494
06-10-2017,9483
07-10-2017,7591
08-10-2017,9689
09-10-2017,6618
10-10-2017,7190
11-10-2017,10082
12-10-2017,9491
13-10-2017,8064
14-10-2017,7828
15-10-2017,8649
16-10-2017,6468
17-10-2017,10158
18-10-2017,9398
19-10-2017,9396
20-10-2017,8009
21-10-2017,8707
22-10-2017,8100
23-10-2017,6843
24-10-2017,9910
25-10-2017,9575
26-10-2017,9432
27-10-2017,8053
28-10-2017,7360
29-10-2017,8715
30-10-2017,6863
31-10-2017,9781
01-11-2017,8653
02-11-2017,9322
03-11-2017,8091
04-11-2017,8515
05-11-2017,8323
06-11-2017,7060
07-11-2017,9989
08-11-2017,9562
09-11-2017,7747
10-11-2017,8335
11-11-2017,9342
12-11-2017,5842
13-11-2017,6723
14-11-2017,9768
15-11-2017,9587
16-11-2017,9296
17-11-2017,7855
18-11-2017,8331
19-11-2017,8374
20-11-2017,6806
21-11-2017,8173
22-11-2017,10544
23-11-2017,8054
24-11-2017,3423
25-11-2017,7579
26-11-2017,7887
27-11-2017,7298
28-11-2017,9660
29-11-2017,9738
30-11-2017,8050
01-12-2017,8493
02-12-2017,8912
03-12-2017,8171
04-12-2017,6882
05-12-2017,9232
06-12-2017,9279
07-12-2017,9441
08-12-2017,7748
09-12-2017,8033
10-12-2017,7667
11-12-2017,6534
12-12-2017,8154
13-12-2017,9013
14-12-2017,8414
15-12-2017,7395
16-12-2017,8135
17-12-2017,7790
18-12-2017,6509
19-12-2017,9125
20-12-2017,8963
21-12-2017,8567
22-12-2017,7088
23-12-2017,6672
24-12-2017,8315
25-12-2017,4767
26-12-2017,4921
27-12-2017,8402
28-12-2017,8372
29-12-2017,7498
30-12-2017,6758
31-12-2017,9006
01-01-2018,5633
02-01-2018,5106
03-01-2018,9673
04-01-2018,9704
05-01-2018,5883
06-01-2018,7777
07-01-2018,8436
08-01-2018,7618
09-01-2018,9599
10-01-2018,9601
11-01-2018,9230
12-01-2018,8046
13-01-2018,7213
14-01-2018,8752
15-01-2018,6549
16-01-2018,6413
17-01-2018,9624
18-01-2018,8951
19-01-2018,8190
20-01-2018,7351
21-01-2018,8809
22-01-2018,6988
23-01-2018,8934
24-01-2018,8694
25-01-2018,9616
26-01-2018,8079
27-01-2018,8393
28-01-2018,8351
29-01-2018,6378
30-01-2018,10158
31-01-2018,9211
01-02-2018,9589
02-02-2018,8417
03-02-2018,7489
04-02-2018,8248
05-02-2018,6177
06-02-2018,9765
07-02-2018,9484
08-02-2018,9183
09-02-2018,8126
10-02-2018,8129
11-02-2018,8177
12-02-2018,7252
13-02-2018,9472
14-02-2018,9174
15-02-2018,8958
16-02-2018,8204
17-02-2018,7419
18-02-2018,9287
19-02-2018,6633
20-02-2018,6982
21-02-2018,10193
22-02-2018,9837
23-02-2018,8201
24-02-2018,8177
25-02-2018,8895
26-02-2018,7145
27-02-2018,10225
28-02-2018,9895
01-03-2018,9904
02-03-2018,8483
03-03-2018,7495
04-03-2018,8426
05-03-2018,7065
06-03-2018,9979
07-03-2018,9744
08-03-2018,9510
09-03-2018,7440
10-03-2018,7798
11-03-2018,8890
12-03-2018,7053
13-03-2018,10257
14-03-2018,6585
15-03-2018,9085
16-03-2018,8209
17-03-2018,8625
18-03-2018,8102
19-03-2018,7005
20-03-2018,10017
21-03-2018,9287
22-03-2018,9822
23-03-2018,7972
24-03-2018,8872
25-03-2018,8069
26-03-2018,7052
27-03-2018,9807
28-03-2018,9381
29-03-2018,9424
30-03-2018,7810
31-03-2018,8636
01-04-2018,7230
02-04-2018,5448
03-04-2018,9960
04-04-2018,9515
05-04-2018,9598
06-04-2018,8297
07-04-2018,8350
08-04-2018,8470
09-04-2018,7188
10-04-2018,9859
11-04-2018,9258
12-04-2018,9419
13-04-2018,7775
14-04-2018,7267
15-04-2018,9319
16-04-2018,6242
17-04-2018,6572
18-04-2018,9902
19-04-2018,9661
20-04-2018,7860
21-04-2018,8412
22-04-2018,7653
23-04-2018,6547
24-04-2018,9725
25-04-2018,9288
26-04-2018,9330
27-04-2018,8012
28-04-2018,8537
29-04-2018,7956
30-04-2018,6892
01-05-2018,9800
02-05-2018,9197
03-05-2018,8769
04-05-2018,7472
05-05-2018,7204
06-05-2018,7812
07-05-2018,6832
08-05-2018,9622
09-05-2018,8894
10-05-2018,8560
11-05-2018,7819
12-05-2018,8120
13-05-2018,7489
14-05-2018,6118
15-05-2018,9552
16-05-2018,8689
17-05-2018,9347
18-05-2018,7999
19-05-2018,8264
20-05-2018,7306
21-05-2018,6540
22-05-2018,9676
23-05-2018,9338
24-05-2018,8933
25-05-2018,7818
26-05-2018,7267
27-05-2018,8348
28-05-2018,5804
29-05-2018,6684
30-05-2018,9825
31-05-2018,9741
01-06-2018,8200
02-06-2018,8626
03-06-2018,7921
04-06-2018,6857
05-06-2018,9826
06-06-2018,9558
07-06-2018,9443
08-06-2018,8255
09-06-2018,8243
10-06-2018,7485
11-06-2018,6716
12-06-2018,9973
13-06-2018,9844
14-06-2018,9530
15-06-2018,8135
16-06-2018,7719
17-06-2018,7905
18-06-2018,6519
19-06-2018,9761
20-06-2018,9748
21-06-2018,9441
22-06-2018,8541
23-06-2018,8841
24-06-2018,8028
25-06-2018,7226
26-06-2018,10377
27-06-2018,9736
28-06-2018,9945
29-06-2018,8702
30-06-2018,9120
01-07-2018,7778
02-07-2018,5672
03-07-2018,11263
04-07-2018,9085
05-07-2018,5679
06-07-2018,8581
07-07-2018,8819
08-07-2018,7925
09-07-2018,6869
10-07-2018,10490
11-07-2018,9875
12-07-2018,9741
13-07-2018,8510
14-07-2018,8805
15-07-2018,8047
16-07-2018,7217
17-07-2018,10419
18-07-2018,9378
19-07-2018,9691
20-07-2018,8445
21-07-2018,9023
22-07-2018,7955
23-07-2018,6607
24-07-2018,10984
25-07-2018,9984
26-07-2018,9591
27-07-2018,8671
28-07-2018,9054
29-07-2018,8319
30-07-2018,5917
31-07-2018,10566
01-08-2018,10103
02-08-2018,9803
03-08-2018,8411
04-08-2018,9201
05-08-2018,8029
06-08-2018,7295
07-08-2018,10239
08-08-2018,9744
09-08-2018,9677
10-08-2018,8396
11-08-2018,8962
12-08-2018,8217
13-08-2018,7026
14-08-2018,10585
15-08-2018,9840
16-08-2018,9494
17-08-2018,8420
18-08-2018,9210
19-08-2018,8429
20-08-2018,7138
21-08-2018,10566
22-08-2018,9668
23-08-2018,9688
24-08-2018,8882
25-08-2018,8782
26-08-2018,7774
27-08-2018,7294
28-08-2018,10574
29-08-2018,9787
30-08-2018,9472
31-08-2018,8172
01-09-2018,7798
02-09-2018,9491
03-09-2018,5947
04-09-2018,7051
05-09-2018,10482
06-09-2018,9926
07-09-2018,8379
08-09-2018,8666
09-09-2018,8503
10-09-2018,7070
11-09-2018,10082
12-09-2018,9933
13-09-2018,9621
14-09-2018,8364
15-09-2018,8579
16-09-2018,7997
17-09-2018,6985
18-09-2018,10079
19-09-2018,9488
20-09-2018,9982
21-09-2018,8284
22-09-2018,7966
23-09-2018,8668
24-09-2018,5776
25-09-2018,10164
26-09-2018,9321
27-09-2018,9741
28-09-2018,7968
29-09-2018,8593
30-09-2018,7954
01-10-2018,6847
02-10-2018,10597
03-10-2018,9980
04-10-2018,9837
05-10-2018,8447
06-10-2018,7574
07-10-2018,8991
08-10-2018,6691
09-10-2018,7207
10-10-2018,10187
11-10-2018,9764
12-10-2018,8179
13-10-2018,8174
14-10-2018,8335
15-10-2018,6733
16-10-2018,9899
17-10-2018,9487
18-10-2018,9638
19-10-2018,8064
20-10-2018,8198
21-10-2018,7590
22-10-2018,6923
23-10-2018,9780
24-10-2018,9138
25-10-2018,9297
26-10-2018,7829
27-10-2018,7466
28-10-2018,7755
29-10-2018,7019
30-10-2018,9631
31-10-2018,9393
01-11-2018,8604
02-11-2018,8083
03-11-2018,8844
04-11-2018,7990
05-11-2018,7117
06-11-2018,9828
07-11-2018,8915
08-11-2018,9599
09-11-2018,7978
10-11-2018,7596
11-11-2018,9326
12-11-2018,6168
13-11-2018,6986
14-11-2018,9731
15-11-2018,9304
16-11-2018,7978
17-11-2018,7838
18-11-2018,8322
19-11-2018,6811
20-11-2018,8419
21-11-2018,10178
22-11-2018,8561
23-11-2018,3492
24-11-2018,7336
25-11-2018,7778
26-11-2018,7618
27-11-2018,9675
28-11-2018,9930
29-11-2018,9703
30-11-2018,8260
01-12-2018,7955
02-12-2018,8463
03-12-2018,6852
04-12-2018,9637
05-12-2018,9268
06-12-2018,8981
07-12-2018,7708
08-12-2018,8274
09-12-2018,7597
10-12-2018,6644
11-12-2018,8359
12-12-2018,9084
13-12-2018,8932
14-12-2018,7485
15-12-2018,8146
16-12-2018,7693
17-12-2018,6870
18-12-2018,9531
19-12-2018,9028
20-12-2018,8899
21-12-2018,7662
22-12-2018,7575
23-12-2018,6344
24-12-2018,6944
25-12-2018,6409
26-12-2018,4889
27-12-2018,8879
28-12-2018,8029
29-12-2018,8233
30-12-2018,6978
31-12-2018,8043
01-01-2019,7879
03-01-2019,12076
04-01-2019,9567
05-01-2019,9603
06-01-2019,8504
07-01-2019,7766
08-01-2019,10240
09-01-2019,9711
10-01-2019,10026
11-01-2019,8465
12-01-2019,8522
13-01-2019,7569
14-01-2019,7370
15-01-2019,9798
16-01-2019,9591
17-01-2019,9846
18-01-2019,8471
19-01-2019,7796
20-01-2019,8529
21-01-2019,7136
22-01-2019,7072
23-01-2019,9387
24-01-2019,9870
25-01-2019,8112
26-01-2019,9362
27-01-2019,8967
28-01-2019,7683
29-01-2019,10233
30-01-2019,9953
31-01-2019,9820
01-02-2019,8180
02-02-2019,8591
03-02-2019,8436
04-02-2019,6529
05-02-2019,10084
06-02-2019,9352
07-02-2019,10053
08-02-2019,8438
09-02-2019,7975
10-02-2019,8355
11-02-2019,7394
12-02-2019,10003
13-02-2019,9375
14-02-2019,9697
15-02-2019,8130
16-02-2019,8094
17-02-2019,9905
18-02-2019,7111
19-02-2019,7046
20-02-2019,10194
21-02-2019,9909
22-02-2019,8399
23-02-2019,8735
24-02-2019,8779
25-02-2019,7735
26-02-2019,10094
27-02-2019,10098
28-02-2019,9968
01-03-2019,8209
02-03-2019,9025
03-03-2019,8607
04-03-2019,7456
05-03-2019,7769
06-03-2019,11024
07-03-2019,10618
08-03-2019,9263
09-03-2019,8662
10-03-2019,9911
11-03-2019,7786
12-03-2019,11024
13-03-2019,10420
14-03-2019,10272
15-03-2019,9463
16-03-2019,9048
17-03-2019,8837
18-03-2019,7774
19-03-2019,10790
20-03-2019,10951
21-03-2019,10475
22-03-2019,9209
23-03-2019,8730
24-03-2019,9087
25-03-2019,7673
26-03-2019,10956
27-03-2019,10598
28-03-2019,10714
29-03-2019,9049
30-03-2019,9492
31-03-2019,9029
01-04-2019,8094
02-04-2019,11109
03-04-2019,10604
04-04-2019,10690
05-04-2019,9062
06-04-2019,9210
07-04-2019,8559
08-04-2019,7568
09-04-2019,10436
10-04-2019,10184
11-04-2019,10303
12-04-2019,8618
13-04-2019,8220
14-04-2019,9441
15-04-2019,5592
16-04-2019,7533
17-04-2019,10950
18-04-2019,10078
19-04-2019,8423
20-04-2019,8915
21-04-2019,8432
22-04-2019,6528
23-04-2019,10406
24-04-2019,10444
25-04-2019,10215
26-04-2019,8870
27-04-2019,8746
28-04-2019,8885
29-04-2019,7646
30-04-2019,10515
01-05-2019,10414
02-05-2019,10178
03-05-2019,8794
04-05-2019,8240
05-05-2019,8993
06-05-2019,7603
07-05-2019,10246
08-05-2019,10101
09-05-2019,9906
10-05-2019,8664
11-05-2019,9025
12-05-2019,8072
13-05-2019,6997
14-05-2019,10558
15-05-2019,10155
16-05-2019,10243
17-05-2019,8965
18-05-2019,9006
19-05-2019,7995
20-05-2019,7171
21-05-2019,10620
22-05-2019,10411
23-05-2019,10325
24-05-2019,8949
25-05-2019,7370
28-05-2019,884
29-05-2019,10431
30-05-2019,10695
31-05-2019,9104
01-06-2019,9044
02-06-2019,8728
03-06-2019,7814
04-06-2019,10527
05-06-2019,9838
06-06-2019,10066
07-06-2019,8922
08-06-2019,8869
09-06-2019,8050
10-06-2019,6947
11-06-2019,10557
12-06-2019,10267
13-06-2019,9734
14-06-2019,8915
15-06-2019,8473
16-06-2019,8537
17-06-2019,7449
18-06-2019,10423
20-06-2019,10354
21-06-2019,9346
22-06-2019,9556
23-06-2019,8404
24-06-2019,7450
25-06-2019,10807
26-06-2019,10635
27-06-2019,10605
28-06-2019,9189
29-06-2019,9230
30-06-2019,8706
01-07-2019,7965
02-07-2019,9951
03-07-2019,11223
04-07-2019,9931
05-07-2019,4973
06-07-2019,8696
07-07-2019,8722
08-07-2019,8154
09-07-2019,11143
10-07-2019,10817
11-07-2019,10386
12-07-2019,9171
13-07-2019,9667
14-07-2019,9038
15-07-2019,7927
16-07-2019,11033
17-07-2019,10520
18-07-2019,10220
19-07-2019,9347
20-07-2019,9469
21-07-2019,8687
22-07-2019,8125
23-07-2019,10267
24-07-2019,10868
25-07-2019,10354
26-07-2019,9303
27-07-2019,9916
28-07-2019,8540
29-07-2019,8116
30-07-2019,11242
31-07-2019,10802
01-08-2019,10267
02-08-2019,9705
03-08-2019,9609
04-08-2019,8977
05-08-2019,7897
06-08-2019,11162
07-08-2019,10550
08-08-2019,10403
09-08-2019,9329
10-08-2019,9728
11-08-2019,9029
12-08-2019,7992
13-08-2019,10952
14-08-2019,10798
15-08-2019,10432
16-08-2019,9536
17-08-2019,9625
18-08-2019,8822
19-08-2019,7871
20-08-2019,11134
21-08-2019,10832
22-08-2019,10412
23-08-2019,9363
24-08-2019,9521
25-08-2019,8636
26-08-2019,7987
27-08-2019,11095
28-08-2019,10584
29-08-2019,10325
30-08-2019,8910
31-08-2019,8456
01-09-2019,9758
02-09-2019,6844
03-09-2019,8017
04-09-2019,11145
05-09-2019,10750
06-09-2019,9394
07-09-2019,9694
08-09-2019,9425
09-09-2019,7819
10-09-2019,11004
11-09-2019,10731
12-09-2019,10291
13-09-2019,9351
14-09-2019,9453
15-09-2019,9147
16-09-2019,7700
17-09-2019,10953
18-09-2019,10307
19-09-2019,10297
20-09-2019,8893
21-09-2019,8224
22-09-2019,9298
23-09-2019,7920
24-09-2019,10915
25-09-2019,10783
26-09-2019,10736
27-09-2019,8947
28-09-2019,9512
29-09-2019,8849
30-09-2019,7701
01-10-2019,11017
02-10-2019,10485
03-10-2019,10232
04-10-2019,9394
05-10-2019,9558
06-10-2019,8466
07-10-2019,7824
08-10-2019,10842
09-10-2019,10619
10-10-2019,10325
11-10-2019,9230
12-10-2019,7995
13-10-2019,9920
14-10-2019,7206
15-10-2019,7631
16-10-2019,10906
17-10-2019,10906
18-10-2019,9222
19-10-2019,9405
20-10-2019,8816
21-10-2019,7729
22-10-2019,10918
23-10-2019,10345
24-10-2019,10294
25-10-2019,9191
26-10-2019,9333
27-10-2019,8818
28-10-2019,7897
29-10-2019,10889
30-10-2019,10274
31-10-2019,10712
01-11-2019,62272
02-11-2019,8778
03-11-2019,9114
04-11-2019,8260
05-11-2019,10817
06-11-2019,10511
07-11-2019,10503
08-11-2019,9245
09-11-2019,8586
10-11-2019,10173
11-11-2019,7699
12-11-2019,8054
13-11-2019,10669
14-11-2019,10092
15-11-2019,9119
16-11-2019,7934
17-11-2019,9284
18-11-2019,7853
19-11-2019,10297
20-11-2019,10024
21-11-2019,10199
22-11-2019,9238
23-11-2019,8949
24-11-2019,8842
25-11-2019,7867
26-11-2019,9393
27-11-2019,10885
28-11-2019,9149
29-11-2019,4252
30-11-2019,6954
01-12-2019,8809
02-12-2019,7947
03-12-2019,9822
04-12-2019,9161
05-12-2019,10348
06-12-2019,8822
07-12-2019,9023
08-12-2019,8489
09-12-2019,7664
10-12-2019,9994
11-12-2019,9828
12-12-2019,9985
13-12-2019,8291
14-12-2019,9007
15-12-2019,8311
16-12-2019,7564
17-12-2019,9360
18-12-2019,9568
19-12-2019,9668
20-12-2019,8394
21-12-2019,8565
22-12-2019,8107
23-12-2019,6059
24-12-2019,10191
25-12-2019,7106
26-12-2019,5584
27-12-2019,8279
28-12-2019,9100
29-12-2019,9352
30-12-2019,7015
31-12-2019,11289
01-01-2020,9092
02-01-2020,8099
03-01-2020,14079
04-01-2020,10680
05-01-2020,9669
06-01-2020,8446
07-01-2020,11047
08-01-2020,10801
09-01-2020,10446
10-01-2020,9312
11-01-2020,10011
12-01-2020,9076
13-01-2020,7565
14-01-2020,10989
15-01-2020,10680
16-01-2020,10661
17-01-2020,9483
18-01-2020,8646
19-01-2020,9926
20-01-2020,7127
21-01-2020,8670
22-01-2020,11171
23-01-2020,10749
24-01-2020,9957
25-01-2020,10051
26-01-2020,9690
27-01-2020,8711
28-01-2020,11543
29-01-2020,11275
30-01-2020,11348
31-01-2020,9944
01-02-2020,10010
02-02-2020,9785
03-02-2020,8169
04-02-2020,11259
05-02-2020,10836
06-02-2020,10889
07-02-2020,9538
08-02-2020,8703
09-02-2020,9923
10-02-2020,8361
11-02-2020,11326
12-02-2020,10991
13-02-2020,11112
14-02-2020,9498
15-02-2020,8402
16-02-2020,10456
17-02-2020,8300
18-02-2020,8440
19-02-2020,11518
20-02-2020,11278
21-02-2020,9858
22-02-2020,9648
23-02-2020,9897
24-02-2020,8833
25-02-2020,11489
26-02-2020,11474
27-02-2020,11252
28-02-2020,9610
29-02-2020,9558
01-03-2020,9605
02-03-2020,8862
03-03-2020,11153
04-03-2020,10851
05-03-2020,11442
06-03-2020,10095
07-03-2020,9883
08-03-2020,10470
09-03-2020,8964
10-03-2020,11650
11-03-2020,10951
12-03-2020,11213
13-03-2020,10044
14-03-2020,10497
15-03-2020,10874
16-03-2020,9560
17-03-2020,12873
18-03-2020,9385
19-03-2020,8090
20-03-2020,7982
21-03-2020,7224
22-03-2020,9821
23-03-2020,8615
24-03-2020,9765
25-03-2020,9600
26-03-2020,9611
27-03-2020,9489
28-03-2020,9134
29-03-2020,9812
30-03-2020,9222
31-03-2020,9854
01-04-2020,10269
02-04-2020,11367
03-04-2020,8416
04-04-2020,8245
05-04-2020,8246
06-04-2020,8570
07-04-2020,8026
08-04-2020,8293
09-04-2020,8012
10-04-2020,8381
11-04-2020,8127
12-04-2020,8155
13-04-2020,8015
14-04-2020,9039
15-04-2020,8486
16-04-2020,8214
17-04-2020,8282
18-04-2020,7177
19-04-2020,10178
20-04-2020,8821
21-04-2020,8801
22-04-2020,9274
23-04-2020,8925
24-04-2020,8586
25-04-2020,8468
26-04-2020,8204
27-04-2020,9156
28-04-2020,9458
29-04-2020,9188
30-04-2020,8624
01-05-2020,8961
02-05-2020,8772
03-05-2020,8619
04-05-2020,8754
05-05-2020,9188
06-05-2020,9353
07-05-2020,8853
08-05-2020,8547
09-05-2020,8430
10-05-2020,8936
11-05-2020,8512
12-05-2020,9322
13-05-2020,9303
14-05-2020,8669
15-05-2020,8426
16-05-2020,8219
17-05-2020,8260
18-05-2020,9263
19-05-2020,9123
20-05-2020,9266
21-05-2020,8694
22-05-2020,8389
23-05-2020,8556
24-05-2020,8919
25-05-2020,8535
26-05-2020,9557
27-05-2020,9443
28-05-2020,8902
29-05-2020,9081
30-05-2020,8478
31-05-2020,8612
01-06-2020,9014
02-06-2020,9395
03-06-2020,10051
04-06-2020,9640
05-06-2020,8766
06-06-2020,8885
07-06-2020,9330
08-06-2020,9433
09-06-2020,9729
10-06-2020,9570
11-06-2020,9453
12-06-2020,9257
13-06-2020,8828
14-06-2020,8471
15-06-2020,9518
16-06-2020,9815
17-06-2020,10086
18-06-2020,9537
19-06-2020,9447
20-06-2020,9183
21-06-2020,9028
22-06-2020,9208
23-06-2020,10616
24-06-2020,10203
25-06-2020,10094
26-06-2020,9873
27-06-2020,9274
28-06-2020,9426
29-06-2020,10025
30-06-2020,10548
01-07-2020,10763
02-07-2020,10206
03-07-2020,9909
04-07-2020,9222
05-07-2020,8261
06-07-2020,9872
07-07-2020,11077
08-07-2020,10532
09-07-2020,10215
10-07-2020,9515
11-07-2020,9775
12-07-2020,9293
13-07-2020,9875
14-07-2020,10980
15-07-2020,10561
16-07-2020,10170
17-07-2020,9896
18-07-2020,9839
19-07-2020,9174
20-07-2020,9820
21-07-2020,10818
22-07-2020,10297
23-07-2020,9999
24-07-2020,9000
25-07-2020,10166
26-07-2020,9124
27-07-2020,10212
28-07-2020,10960
29-07-2020,10669
30-07-2020,10233
31-07-2020,9751
01-08-2020,9869
02-08-2020,9582
03-08-2020,10347
04-08-2020,11141
05-08-2020,10882
06-08-2020,10418
07-08-2020,9769
08-08-2020,9845
09-08-2020,9393
10-08-2020,10256
11-08-2020,11020
12-08-2020,10855
13-08-2020,10452
14-08-2020,9867
15-08-2020,9938
16-08-2020,9518
17-08-2020,10467
18-08-2020,11224
19-08-2020,10437
20-08-2020,10105
21-08-2020,9709
22-08-2020,9703
23-08-2020,9721
24-08-2020,10522
25-08-2020,11241
26-08-2020,12276
27-08-2020,10360
28-08-2020,9972
29-08-2020,9810
30-08-2020,26174
31-08-2020,9955
01-09-2020,11194
02-09-2020,11659
03-09-2020,10690
04-09-2020,9872
05-09-2020,9190
06-09-2020,10700
07-09-2020,9474
08-09-2020,10466
09-09-2020,11250
10-09-2020,10979
11-09-2020,10340
12-09-2020,9953
13-09-2020,10399
14-09-2020,9989
15-09-2020,10941
16-09-2020,10815
17-09-2020,9799
18-09-2020,9558
19-09-2020,9800
20-09-2020,21823
21-09-2020,9876
22-09-2020,10935
23-09-2020,10967
24-09-2020,9807
25-09-2020,9546
26-09-2020,9441
27-09-2020,9510
28-09-2020,9490
29-09-2020,11050
30-09-2020,10638
01-10-2020,9924
02-10-2020,9800
03-10-2020,9637
04-10-2020,8694
05-10-2020,9332
06-10-2020,10892
07-10-2020,10565
08-10-2020,9706
09-10-2020,9272
10-10-2020,8723
11-10-2020,19430
12-10-2020,9268
13-10-2020,10174
14-10-2020,10920
15-10-2020,9778
16-10-2020,9332
17-10-2020,9728
18-10-2020,9316
19-10-2020,9610
20-10-2020,10726
21-10-2020,10738
22-10-2020,9600
23-10-2020,9234
24-10-2020,9446
25-10-2020,8897
26-10-2020,9708
27-10-2020,10850
28-10-2020,10571
29-10-2020,9812
30-10-2020,9304
31-10-2020,8627
01-11-2020,14594
02-11-2020,10519
03-11-2020,10938
04-11-2020,9310
05-11-2020,8853
06-11-2020,8705
07-11-2020,9273
08-11-2020,8154
09-11-2020,8545
10-11-2020,11536
11-11-2020,10318
12-11-2020,9180
13-11-2020,9842
14-11-2020,10065
15-11-2020,9426
16-11-2020,9926
17-11-2020,10584
18-11-2020,10642
19-11-2020,9772
20-11-2020,9343
21-11-2020,9396
22-11-2020,10795
23-11-2020,9672
24-11-2020,9893
25-11-2020,10689
26-11-2020,8980
27-11-2020,6643
28-11-2020,9476
29-11-2020,9551
30-11-2020,9462
01-12-2020,11249
02-12-2020,11612
03-12-2020,10047
04-12-2020,9217
05-12-2020,9797
06-12-2020,10024
07-12-2020,9864
08-12-2020,10585
09-12-2020,10568
10-12-2020,9480
11-12-2020,8851
12-12-2020,9251
13-12-2020,9385
14-12-2020,9646
15-12-2020,9842
16-12-2020,10330
17-12-2020,9313
18-12-2020,8526
19-12-2020,9369
20-12-2020,9270
21-12-2020,9428
22-12-2020,10405
23-12-2020,9506
24-12-2020,9716
25-12-2020,7550
26-12-2020,7991
27-12-2020,10001
28-12-2020,10599
29-12-2020,11409
30-12-2020,10620
31-12-2020,11082
01-01-2021,8971
02-01-2021,10374
03-01-2021,11208
04-01-2021,11595
05-01-2021,11830
06-01-2021,11709
07-01-2021,9447
08-01-2021,9608
09-01-2021,9947
10-01-2021,10310
11-01-2021,10616
12-01-2021,11486
13-01-2021,10620
14-01-2021,10645
15-01-2021,10052
16-01-2021,9675
17-01-2021,11229
18-01-2021,10500
19-01-2021,11103
20-01-2021,10750
21-01-2021,9935
22-01-2021,10238
23-01-2021,10265
24-01-2021,10377
25-01-2021,11037
26-01-2021,11381
27-01-2021,11315
28-01-2021,10488
29-01-2021,10363
30-01-2021,10528
31-01-2021,10756
01-02-2021,11051
02-02-2021,11620
03-02-2021,11515
04-02-2021,11319
05-02-2021,10428
06-02-2021,9922
07-02-2021,10439
08-02-2021,10260
09-02-2021,11665
10-02-2021,10736
11-02-2021,10626
12-02-2021,10033
13-02-2021,9174
14-02-2021,10526
15-02-2021,9738
16-02-2021,10888
17-02-2021,11453
18-02-2021,10204
19-02-2021,10102
20-02-2021,10063
21-02-2021,10143
22-02-2021,10700
23-02-2021,11786
24-02-2021,11071
25-02-2021,10509
26-02-2021,9903
27-02-2021,9811
28-02-2021,10512
01-03-2021,10905
02-03-2021,11936
03-03-2021,11065
04-03-2021,10769
05-03-2021,10211
06-03-2021,9419
07-03-2021,11733
08-03-2021,10709
09-03-2021,11220
10-03-2021,8977
11-03-2021,10692
12-03-2021,9771
13-03-2021,10018
14-03-2021,9948
15-03-2021,10372
16-03-2021,11083
17-03-2021,11180
18-03-2021,9912
19-03-2021,9936
20-03-2021,9830
21-03-2021,9203
22-03-2021,10204
23-03-2021,11416
24-03-2021,10616
25-03-2021,10659
26-03-2021,10001
27-03-2021,9754
28-03-2021,8573
29-03-2021,11482
30-03-2021,11411
31-03-2021,10965
01-04-2021,10216
02-04-2021,10348
03-04-2021,9940
04-04-2021,9303
05-04-2021,9505
06-04-2021,11526
07-04-2021,10970
08-04-2021,10382
09-04-2021,9771
10-04-2021,9531
11-04-2021,9316
12-04-2021,10643
13-04-2021,11387
14-04-2021,10846
15-04-2021,10350
16-04-2021,9953
17-04-2021,9426
18-04-2021,10291
19-04-2021,9986
20-04-2021,9976
21-04-2021,10416
22-04-2021,9965
23-04-2021,10002
24-04-2021,9760
25-04-2021,9136
26-04-2021,10647
27-04-2021,11216
28-04-2021,10800
29-04-2021,10516
30-04-2021,9905
01-05-2021,9984
02-05-2021,9392
03-05-2021,10153
04-05-2021,11598
05-05-2021,11371
06-05-2021,10597
07-05-2021,9669
08-05-2021,9207
09-05-2021,9872
10-05-2021,9496
11-05-2021,11499
12-05-2021,11059
13-05-2021,10416
14-05-2021,9641
15-05-2021,9331
16-05-2021,8901
17-05-2021,9906
18-05-2021,11195
19-05-2021,10603
20-05-2021,10068
21-05-2021,9607
22-05-2021,9867
23-05-2021,8835
24-05-2021,9588
25-05-2021,11207
26-05-2021,10711
27-05-2021,10152
28-05-2021,9720
29-05-2021,9338
30-05-2021,9832
31-05-2021,9817
01-06-2021,10565
02-06-2021,11630
03-06-2021,10599
04-06-2021,10212
05-06-2021,10154
06-06-2021,9158
07-06-2021,9941
08-06-2021,11325
09-06-2021,10760
10-06-2021,10136
11-06-2021,9795
12-06-2021,9912
13-06-2021,9494
14-06-2021,9849
15-06-2021,12043
16-06-2021,11126
17-06-2021,10123
18-06-2021,9710
19-06-2021,9823
20-06-2021,9153
21-06-2021,9522
22-06-2021,10246
23-06-2021,11452
24-06-2021,10385
25-06-2021,10128
26-06-2021,10769
27-06-2021,9727
28-06-2021,9902
29-06-2021,11704
30-06-2021,11571
01-07-2021,10702
02-07-2021,10771
03-07-2021,10168
04-07-2021,10586
05-07-2021,8925
06-07-2021,10384
07-07-2021,12781
08-07-2021,10875
09-07-2021,10847
10-07-2021,9990
11-07-2021,9724
12-07-2021,9902
13-07-2021,12643
14-07-2021,11880
15-07-2021,11057
16-07-2021,9940
17-07-2021,191635
18-07-2021,9670
19-07-2021,10479
20-07-2021,12230
21-07-2021,11537
22-07-2021,10986
23-07-2021,9819
24-07-2021,9565
25-07-2021,9664
26-07-2021,10339
27-07-2021,11858
28-07-2021,11061
29-07-2021,10393
30-07-2021,10299
31-07-2021,10413
01-08-2021,9721
02-08-2021,10432
03-08-2021,12112
04-08-2021,11913
05-08-2021,10966
06-08-2021,10387
07-08-2021,10897
08-08-2021,9429
09-08-2021,10305
10-08-2021,12332
11-08-2021,11589
12-08-2021,10782
13-08-2021,10129
14-08-2021,10464
15-08-2021,10084
16-08-2021,10205
17-08-2021,12035
18-08-2021,11883
19-08-2021,11206
20-08-2021,10347
21-08-2021,10552
22-08-2021,9813
23-08-2021,11586
01-09-2021,3328
02-09-2021,17819
03-09-2021,10979
04-09-2021,10676
05-09-2021,10716
06-09-2021,9845
07-09-2021,10615
08-09-2021,12011
09-09-2021,10425
10-09-2021,9725
11-09-2021,9969
12-09-2021,7920
13-09-2021,8686
14-09-2021,11003
15-09-2021,10032
16-09-2021,10910
17-09-2021,10630
18-09-2021,9787
19-09-2021,10246
20-09-2021,9432
21-09-2021,11668
22-09-2021,11374
23-09-2021,10795
24-09-2021,10421
25-09-2021,9671
26-09-2021,9448
27-09-2021,9654
28-09-2021,12077
29-09-2021,11704
30-09-2021,11055
01-10-2021,9901
02-10-2021,10706
03-10-2021,8805
04-10-2021,9986
05-10-2021,12071
06-10-2021,11493
07-10-2021,10691
08-10-2021,10426
09-10-2021,9993
10-10-2021,10101
11-10-2021,9144
12-10-2021,10064
13-10-2021,11944
14-10-2021,11042
15-10-2021,10467
16-10-2021,10448
17-10-2021,9076
18-10-2021,9653
19-10-2021,12025
20-10-2021,11534
21-10-2021,11082
22-10-2021,10229
23-10-2021,10485
24-10-2021,8552
25-10-2021,9534
26-10-2021,12154
27-10-2021,12078
28-10-2021,10257
29-10-2021,10378
30-10-2021,9586
31-10-2021,9588
01-11-2021,9226
02-11-2021,12248
03-11-2021,11313
04-11-2021,10885
05-11-2021,10249
06-11-2021,10746
07-11-2021,9096
08-11-2021,9944
09-11-2021,11084
10-11-2021,12369
11-11-2021,10743
12-11-2021,8322
13-11-2021,10542
14-11-2021,9265
15-11-2021,9604
16-11-2021,12172
17-11-2021,11613
18-11-2021,10896
19-11-2021,9809
20-11-2021,10147
21-11-2021,9251
22-11-2021,9670
23-11-2021,10785
24-11-2021,11949
25-11-2021,9569
26-11-2021,6064
27-11-2021,9995
28-11-2021,9513
29-11-2021,10016
30-11-2021,11080
01-12-2021,11888
02-12-2021,10841
03-12-2021,9884
04-12-2021,10342
05-12-2021,9364
06-12-2021,9404
07-12-2021,11640
08-12-2021,11355
09-12-2021,10253
10-12-2021,10002
11-12-2021,10212
12-12-2021,9328
13-12-2021,9700
14-12-2021,10796
15-12-2021,11231
16-12-2021,10434
17-12-2021,9778
18-12-2021,10212
19-12-2021,9305
20-12-2021,9550
21-12-2021,11124
22-12-2021,10618
23-12-2021,10120
24-12-2021,9518
25-12-2021,8828
26-12-2021,7876
27-12-2021,9906
28-12-2021,12381
29-12-2021,11889
30-12-2021,11024
31-12-2021,10649
01-01-2022,10470
02-01-2022,10588
03-01-2022,11479
04-01-2022,13556
05-01-2022,12855
06-01-2022,11948
07-01-2022,11008
08-01-2022,10352
09-01-2022,10857
10-01-2022,11017
11-01-2022,13177
12-01-2022,11041
13-01-2022,11712
14-01-2022,10958
15-01-2022,10593
16-01-2022,11725
17-01-2022,10386
18-01-2022,11305
19-01-2022,12879
20-01-2022,11540
21-01-2022,11618
22-01-2022,11693
23-01-2022,10337
24-01-2022,10918
25-01-2022,12940
26-01-2022,12321
27-01-2022,12292
28-01-2022,11214
29-01-2022,11813
30-01-2022,10220
31-01-2022,10672
01-02-2022,12563
02-02-2022,12343
03-02-2022,11985
04-02-2022,11037
05-02-2022,10155
06-02-2022,10771
07-02-2022,10758
08-02-2022,12744
09-02-2022,12381
10-02-2022,11657
11-02-2022,11035
12-02-2022,11849
13-02-2022,10005
14-02-2022,10175
15-02-2022,11907
16-02-2022,12205
17-02-2022,11543
18-02-2022,11041
19-02-2022,10474
20-02-2022,10818
21-02-2022,10317
22-02-2022,10751
23-02-2022,13236
24-02-2022,11939
25-02-2022,10631
26-02-2022,10086
27-02-2022,10547
28-02-2022,10889
01-03-2022,13042
02-03-2022,12956
03-03-2022,12355
04-03-2022,10939
05-03-2022,11152
06-03-2022,10872
07-03-2022,10864
08-03-2022,12905
09-03-2022,12338
10-03-2022,11417
11-03-2022,10954
12-03-2022,10408
13-03-2022,11256
14-03-2022,10565
15-03-2022,12745
16-03-2022,11476
17-03-2022,11364
18-03-2022,10428
19-03-2022,10823
20-03-2022,10406
21-03-2022,10459
22-03-2022,12879
23-03-2022,12452
24-03-2022,11989
25-03-2022,10873
26-03-2022,11367
27-03-2022,10822
28-03-2022,8663
29-03-2022,12828
30-03-2022,12682
31-03-2022,12066
01-04-2022,11387
02-04-2022,10853
03-04-2022,10647
04-04-2022,10785
05-04-2022,12697
06-04-2022,12160
07-04-2022,11765
08-04-2022,10815
09-04-2022,11194
10-04-2022,10824
11-04-2022,10487
12-04-2022,12530
13-04-2022,12416
14-04-2022,12186
15-04-2022,11444
16-04-2022,9980
17-04-2022,10970
18-04-2022,9491
19-04-2022,10239
20-04-2022,12588
21-04-2022,11724
22-04-2022,10721
23-04-2022,10730
24-04-2022,10546
25-04-2022,10770
26-04-2022,13044
27-04-2022,12613
28-04-2022,12069
29-04-2022,10942
30-04-2022,10932
01-05-2022,10423
02-05-2022,10360
03-05-2022,12696
04-05-2022,12205
05-05-2022,11946
06-05-2022,10612
07-05-2022,10432
08-05-2022,10862
09-05-2022,10195
10-05-2022,12676
11-05-2022,12385
12-05-2022,11793
13-05-2022,10914
14-05-2022,11059
15-05-2022,9841
16-05-2022,10190
17-05-2022,12559
18-05-2022,12269
19-05-2022,11755
20-05-2022,10779
21-05-2022,11093
22-05-2022,10030
23-05-2022,10418
24-05-2022,12684
25-05-2022,12141
26-05-2022,11643
27-05-2022,10808
28-05-2022,14364
29-05-2022,11154
30-05-2022,9369
31-05-2022,10635
01-06-2022,13320
02-06-2022,12596
03-06-2022,11462
04-06-2022,11635
05-06-2022,10381
06-06-2022,10824
07-06-2022,12846
08-06-2022,12399
09-06-2022,11955
10-06-2022,11498
11-06-2022,11174
12-06-2022,10547
13-06-2022,10888
14-06-2022,12925
15-06-2022,12522
16-06-2022,11887
17-06-2022,10953
18-06-2022,10801
19-06-2022,10959
20-06-2022,10175
21-06-2022,11569
22-06-2022,13414
23-06-2022,12541
24-06-2022,11888
25-06-2022,11596
26-06-2022,10855
27-06-2022,11198
28-06-2022,13121
29-06-2022,12862
30-06-2022,13316
01-07-2022,11483
02-07-2022,11465
03-07-2022,12478
04-07-2022,9766
05-07-2022,10623
06-07-2022,14268
07-07-2022,13233
08-07-2022,12152
09-07-2022,11519
10-07-2022,11584
11-07-2022,12032
12-07-2022,13733
13-07-2022,12989
14-07-2022,12977
15-07-2022,11932
16-07-2022,12162
17-07-2022,11771
18-07-2022,11430
19-07-2022,13902
20-07-2022,13404
21-07-2022,12642
22-07-2022,11713
